post_id,title,link,content,comments
326081,오늘 아침에 일어났던 청주시 고등학교 사건에 대한 기사,https://gall.dcinside.com/board/view/?id=dcbest&no=326081&_dcbest=1&page=1,"- 관련게시물 : 청주 고교서 흉기난동 발생https://n.news.naver.com/mnews/article/417/0001073742 ""이성 문제로 불만""… '청주 고교 흉기 난동' 학생 가방엔 흉기 가득충북 청주 한 고등학교에서 흉기 난동 사건이 발생해 6명이 부상을 입었다. 28일 뉴스1에 따르면 이날 오전 8시36분쯤 청주시 흥덕구 한 고등학교 복도에서 특수교육 대상 학생 A군(17)이 다수의 교직원을 향해 흉n.news.naver.com기사에 따르면, 당초 가해자는 특수학급 소속인 줄 알았으나 확인해보니 그건 아니고 일반학급에서 생활하는 특수교육대상자라고 함분노조절장애가 있었고, 평소 이성 관계 문제가 있었다고1~2일 정도 지나면 더 정확하고 상세한 전후 사정 및 정보가 나올듯- 등교 전 가방에 흉기 4개 챙긴 청주 고교생 흉기 난동범…https://naver.me/5KbgoMYo [속보]등교 전 가방에 흉기 4개 챙긴 청주 고교생 흉기 난동범…사건 발생 고교는 휴교 안 해28일 학생 흉기 난동이 발생한 청주의 한 고등학교에서 경찰 등이 사고 상황을 파악하고 있다. 연합뉴스 충북 청주의 한 고등학교에서 흉기 난동을 벌인 특수학급 학생이 범행 전 다수의 흉기를 소지한 채 등교한 것으로 naver.me- 흉기 난동 학생, 차량 운전자도 찔러 ... 아이들 노렸다출처: 더불어민주당 갤러리 [원본 보기]",[]
326078,준비란 물량까지 동났다...어르신들 공략한 매력적 제안,https://gall.dcinside.com/board/view/?id=dcbest&no=326078&_dcbest=1&page=1,https://youtu.be/q7R2JBBXfns?si=arXWVQMDKgqjMT4t [자막뉴스] 준비한 물량까지 동났다...어르신들 공략한 매력적 제안 / YTN행정복지센터 민원 창구에서 어르신이 신청서와 함께 운전 면허증을 반납합니다.곧바로 돌아오는 건 버스를 타거나 편의점 등에서 물건을 살 수 있는 교통카드와 두툼한 봉투.봉투에는 시장에서 쓸 수 있는 온누리 상품권 40만 원어치가 들었습니다.65살 이상 어르신이 운전 면허증을 반납하고...youtu.be50만원 배급 드가자 ㅋㅋㅋ 출처: 이론 갤러리 [원본 보기],[]
326077,첫해외여행&혼여 오사카-교토 5박6일 후기,https://gall.dcinside.com/board/view/?id=dcbest&no=326077&_dcbest=1&page=1,1일차 - 간사이 공항 도착하고 난바역에 짐맡긴담에 해유관으로 바로 출발함 고래상어 생각보다 막 엄청 크진않은듯?? 얘 이름은 머르겠는데 귀여웠어 2일차 -아침일찍 오사카성 갔다가 우메다가서 이치란라멘먹고 포켓몬센터랑 닌텐도스토어 들름 그후에 나라가서 국립박물관에서 칠지도 구경했음 사진금지인게 아쉽 그 후에 도다이지랑 나라공원감사슴 진짜 개무서움 유튜브보면 양손번쩍들면 먹이없는줄알고 물러간다는데 그거 구라임 3일차 - 오사카 엑스포에서 하루보냄 근데 진짜 대부분이 걍 화면에 영상틀어주고 자기 나라 홍보하는게 대부분  건담은 짱큼 4일차 - 유니버셜 스튜디오 싱글라이더로 어지간한건 한개씩 다 타보고 돌아온듯 해리포터 성이 ㄹㅇ 개이쁨 5일차 - 아침에 무기토 멘스케 가서 라멘먹고 교토로 이동 교토역에서 버스 타고 은각사까지 간 다음 쭉 걸어서 철학의길 -> 헤이안신궁 -> 니넨자카 -> 산넨자카 ->기요미즈데라 -> 교토역 이렇게 돌아옴 마지막 6일차 - 첫차타고 후시미이나리신사 첫차타고 가니까 사람 거의 없어서 좋았음 정상찍고 내려오니까 사람 바글바글하던 고양이가 귀여워요 근데 고양이 왜 많음 이나리신사 다 보고 다시 오사카 난바로 돌아와서 오코노미야끼 먹음 후에 공항갈때까지 빈시간에 덴덴타운 갔다가 복귀 개힘들었다 수요일 걸음수 체크안된거까지하면 17만걸음정도 걸은듯 - dc official App출처: 일본여행 - 관동이외 갤러리 [원본 보기],[]
326074,대구 북구 노곡동 함지산서 산불 발생…인근 주민·등산객 주의,https://gall.dcinside.com/board/view/?id=dcbest&no=326074&_dcbest=1&page=1,"https://m.yeongnam.com/view.php?key=20250428020263053 [속보] 대구 북구 노곡동 함지산서 산불 발생…인근 주민·등산객 주의28일 오후 2시 1분께 대구 북구 노곡동 산39 일대에서 산불이 발생했다 오후 2시 14분 당국은 입산을 금지하고 인근 주민과 등산객에게 안전사고에 주의하라는 안전안내문자를 수도권을 제외한 지역신문 중 가장 오래된 역사를 가진 지역 일간지 영남일보입니다. 방문에 감사드립니다.m.yeongnam.comhttps://www.gukjenews.com/news/articleView.html?idxno=3261776 [속보] 대구 노곡동서 산불 발생...주민·등산객 주의대구에 산불이 발생했다.22일 대구 북구에 따르면 이날 오후 2시 1분 경 노곡동 산39에서 불이 났다.이에 인근 주민과 등산객은 안전사고에 주의해달라고 당부했다.www.gukjenews.com- [속보] 대구 북구 함지산서 산불…헬기 5대 동원 진화 작업https://n.news.naver.com/article/088/0000944603?sid=102 [속보] 대구 북구 함지산서 산불…헬기 5대 동원 진화 작업28일 오후 2시쯤 대구 북구 노곡동 함지산에 불이 났다. 소방당국은 헬기 5대를 비롯해 차량 24대, 인력 69명을 투입해 진화 작업을 벌이고 있다. 사상자는 아직까지 발생하지 않은 것으로 알려졌다. 북구청은 이날n.news.naver.com- 또 산불이야이게 뭔...  - dc official App- 대구 또 불난다고 난리네 대피명령 뜸- 대구 현재 산불난 위치저 뻥뚫린데가 산이냐? - 산불… 경북대 근황…jpg- 실시간 이거뭐노윤활준비 마쳤는데 산불 나서 헬기 겁나 날라댕기는데 ㅎㄷㄷ 소방관분들 화이팅입니다출처: 스카이 갤러리 [원본 보기]",[]
326072,"전장연, 출근길 혜화역 지하철 시위… 또 강제 퇴거당해",https://gall.dcinside.com/board/view/?id=dcbest&no=326072&_dcbest=1&page=1,"- 관련게시물 : 전장연 1년먀에 지하철 시위 4호선 혜화역 아수라장- 관련게시물 : 싱글벙글 드디어 정상화 된 전장연 시위https://naver.me/54LNSUHi 전장연, 출근길 혜화역 지하철 시위… 또 강제 퇴거당해서울 지하철 4호선 혜화역에서 시위를 벌이고 있는 전국장애인차별철폐연대(전장연) 활동가들이 또 강제 퇴거당했다. 이번이 다섯번째다. 28일 뉴시스에 따르면 이날 오전 8시쯤부터 전장연 활동가 10여명이 서울 종로구naver.me- 김재섭 ""전장연 방지법 발의"" - dc official App- 문OO 서울시의원 “시민 통행권 침해에 공사 직원 폭행까지,전장연은 그릇https://n.news.naver.com/article/081/0003537052?sid=102 문성호 서울시의원 “시민 통행권 침해에 공사 직원 폭행까지, 전장연은 그릇된 시위방식 중단하라”서울시의회 문성호 의원(국민의힘·서대문2)이 지난 21일, 전국장애인차별철폐연대(이하 전장연)이 1년만에 출근길 선전전을 진행함에 따라 발생한 시민 통행권 침해와 서울교통공사 직원이 폭행당한 사실에 대해 깊은 분노를n.news.naver.com출처: 국내야구 갤러리 [원본 보기]",[]
326071,공포의 인도 남성인권 운동,https://gall.dcinside.com/board/view/?id=dcbest&no=326071&_dcbest=1&page=1,"패밀리, 낫 페미니스트인도 남성을 구해주세요법을 성중립적으로 만들어라! 남성도 피해자가 될수있다남성에게도 인권이있다페미들아! 인도남성 강간을 멈춰라트럼프 대통령 만세위짤은 인도 반페미 단체 인도남성연합 회원들과 보수정당 인도 국민당 당원들의 남성인권 시위 현장이다.요즘 인도는 보수성향 20대 남성 위주로 반페미니즘 바람이 불고있다고함..인도는 여성상위 국가인데 페미들때문에 여혐국가로 낙인찍혔다.여자들이 젊은 남성들 일자리를 다 뺏어가고있다여자들이 강간당하면 도와주면 안된다이게 인도 20대들의 주장임.근데 이거 어디서 많이 본거같다출처: 싱글벙글 지구촌 갤러리 [원본 보기]",[]
326069,"전라도 군산시, 백종원 더본코리아에 70억 예산 투입",https://gall.dcinside.com/board/view/?id=dcbest&no=326069&_dcbest=1&page=1,"28일 연합뉴스에 따르면 군산시는 더본코리아와 협업해 군산시 금동에 더본 외식산업개발원을 짓고 있다. 지역 특색 메뉴 개발과 외식업 종사자 교육, 원도심 상권 활성화 등 도시재생을 위해서다.시는 관련 사업에 약 70억원의 예산을 투입했다. 완공되면 더본코리아가 외식산업개발원 운영을 맡아 지역 농산물을 활용한 메뉴 개발과 외식업 컨설팅, 외식 사업 교육 프로그램 등을 운영할 예정이다.이어 ""시는 더본코리아와 법적 구속력이 없는 업무협약만 체결한 상태에서 이미 시설을 조성하고 사용 허가 계약을 맺으려 하고 있다""면서 ""지금 같은 방식으로 사업이 추진될 경우 더본코리아가 운영을 중단하겠다고 선언하거나, 취지에 어긋나는 방식으로 운영을 해도 막을 방법이 사실상 없다""고 강조했다.https://naver.me/G7VawjiX 백종원 회사에 '70억 몰빵' 지원한 군산시…과잉 혜택 논란전북 군산시의 '외식산업개발원' 사업이 논란에 휩싸였다. 시가 더본코리아에 과한 혜택을 제공했다는 지적이 제기되면서다. 공공사업이 특정 기업에 과한 혜택을 제공하면 사업 위험성이 커진다는 취지다. 특히 더본리스크는 naver.me출처: 백종원의 골목식당 갤러리 [원본 보기]",[]
326068,마법과 마나의 세계에서 존재할리 없는 쿠노이치.1,https://gall.dcinside.com/board/view/?id=dcbest&no=326068&_dcbest=1&page=1,닌닌- dc official App출처: 카툰-연재 갤러리 [원본 보기],[]
326066,"김재연 ""여가부 장관 부총리로 격상, 비동간죄·차금법 통과, 탈원전""",https://gall.dcinside.com/board/view/?id=dcbest&no=326066&_dcbest=1&page=1,"(이하 생략) https://n.news.naver.com/article/047/0002471248- [진보당] 김재연 후보, 판문점선언 7주년 맞아 5대 평화공약 발표진보당 김재연 대선후보가 4월 27일 판문점 선언 7주년을 맞아 한반도 평화와 자주를 위한 5대 공약을 발표했습니다.  지금 한반도 정세는 2018년 판문점선언을 발표할 때와는 너무 다르다며 “지금은 신냉전과 다극화 시대“라며 ”자국의 이익을 위해서라면 전쟁도 불사하는 시대”라고 진단했습니다. 미국도 2018 종전선언을 지지할 때와 다르다며 ”중국-대만 분쟁에 개입하라고 노골적으로 요구하고 있다“고 평가했습니다. ”한반도는 주변국 사이에서 완충 역할을 하지 못했을 때, 전쟁의 교두보로 전락하고 말았다“며 ”우리 스스로의 힘으로 한반도 평화를 지켜야 한다“고 강조했습니다. 이에 김재연 대선후보는 전시작전권 환수, 불평등한 한미관계 정상화, 다자외교와 중립국가 등을 제시했습니다. 일하는 사람이 주인인 나라“자주국가·평등사회·통일세상을 향해”- [단독] 이재명. 진보당 단일화. 재벌·한미동맹 해체' 받나https://www.newdaily.co.kr/site/data/html/2025/04/28/2025042800179.html [단독] 이재명민주, 통진당 후예 진보당과 단일화 준비 … '재벌·한미동맹 해체' 받나이재명 대통령 후보 체제가 시작된 더불어민주당이 진보당과 단일화를 계획하고 있다. 우파 진영 인사 영입에 열을 올리며 우클릭에 나선 이 후보와 민주당이 통합진보당의 후신으로 불리는 진보당 대선 후보이자 '이석기 키즈'로 불리는 김재연 후보와 연대를 추진하는 것이다.  민주당의 한 최고위원은 28일 뉴데일리와의 통화에서 ""진보당과 연대는 선택이 아니라 필수적으로 당연히 해야 할 일""이라며 &uo...www.newdaily.co.kr - dc official App출처: 새로운보수당 갤러리 [원본 보기]",[]
326065,씹덕 행사장에서 버튜버를 알아본 사람,https://gall.dcinside.com/board/view/?id=dcbest&no=326065&_dcbest=1&page=1,"""아닌데요""출처: 국내야구 갤러리 [원본 보기]",[]
326063,싱글벙글 스타크래프트 IP경쟁 근황.jpg,https://gall.dcinside.com/board/view/?id=dcbest&no=326063&_dcbest=1&page=1,넥슨이 이김 - 넥슨 & 스타크래프트 협업출처: 싱글벙글 지구촌 갤러리 [원본 보기],[]
326062,"""닦달하면 환불 없어"" '황당'문자..""돈 떼이고 협박당하나""",https://gall.dcinside.com/board/view/?id=dcbest&no=326062&_dcbest=1&page=1,"https://youtu.be/EnS__POnClc?si=LAetA2kNHamte3b_ [자막뉴스] ""닦달하면 환불 없어"" '황당' 문자..""돈 떼이고 협박당하나"" '발칵' (목포MBC 뉴스)#헬스장 #폐업 #영업종료 #회원권#MBC #뉴스 #뉴스데스크 #MBC뉴스 #뉴스투데이 #뉴스ZIP #뉴스꾹 #오늘이뉴스 #자막뉴스ㅤⓒ MBC & iMBC 무단 전재, 재배포 및 이용(AI학습 포함)금지youtu.be이런거 매년 보이는데 법좀 강화 해야할듯.. 출처: 이론 갤러리 [원본 보기]",[]
326060,한동훈 한화 이글스 뭐냐??????ㅋㅋㅋㅋㅋㅋㅋㅋㅋㅋㅋㅋㅋ,https://gall.dcinside.com/board/view/?id=dcbest&no=326060&_dcbest=1&page=1,https://www.youtube.com/live/hkx6TsUwNTw?si=Cqr__NrgmDLNuw82 유리구두 TV   4.28 대전시당This stream is created with #PRISMLiveStudiowww.youtube.com얘 지금 뭐함? ㅋㅋㅋㅋㅋㅋㅋㅋㅋㅋㅋㅋㅋㅋㅋ  - dc official App- 펌) 한화이글스 유니폼 입은 한동훈 (기사짤 추가) (유니폼은 대전시당에서 준비해서 즉석에서 입음) https://m.dcinside.com/board/centristconservatis/1232760 한화이글스 유니폼 입은 한동훈 .jpg - 중도보수 마이너 갤러리(유니폼은 대전시당에서 준비해서 즉석에서 입음)m.dcinside.comhttps://m.dcinside.com/board/drama_new3/19125978  한동훈 한화 유니폼 입었노 ㅋㅋㅋㅋ - 기타 국내 드라마 갤러리 m.dcinside.com+ 기사 사진 - 한동훈 한화 이글스갤 반응 ㅋㅋㅋㅋㅋ - dc official App출처: 한화 이글스 갤러리 [원본 보기],[]
326059,싱글벙글 입으로 호흡 하면 안되는 이유,https://gall.dcinside.com/board/view/?id=dcbest&no=326059&_dcbest=1&page=1,흠....  - dc official App출처: 싱글벙글 지구촌 갤러리 [원본 보기],[]
326056,어청도 2일차  탐조,https://gall.dcinside.com/board/view/?id=dcbest&no=326056&_dcbest=1&page=1,"1일차가 없는 이유는 사진 다 삭제됨  ㅂㄷㅂㄷ 첫날에 졸면서 사진 삭제하다 전체 삭제 눌렀다 이번에는 복원도 안됨,, 첫날은 유리딱새, 장다리물떼새, 큰유리새, 잿빛쇠찌르레기 종추함 날짜 :  24일 첫 새는 삑삑도요 촉새 가장 많음 , 촉새가 어청도 먹은듯 노랑지빠귀  (종추) 학교에서 촬영. 새가 없는 날이지만 그래도 학교는  새들이 꽤 있음 노랑때까치  ( 종추 ) 색감 이쁘더라!! 또 촉새 저수지에서 이틀동안 보인 삑삑도요 저수지 근방이 새가 많았음 붉은뺨멧새 (종추) 휘파람새  이렇게 쉽게 찍어본적은 처음이다ㅋㅋ 직박구리 사진 중앙에 숨어있음 어청도에 직박구리, 검은이마직박구리 많더라 (덕분에 오지게 시끄러움) 혼자 목욕하러온 괭이갈매기 갈매기도 목욕은 민물목욕이 좋나보다 되지빠귀 붉은가슴밭종다리 힝둥새 검은딱새 (종추) 바다직박구리 직박구리들이 많은곳 답게 이녀석까지 많음 후투티 교회랑 하천에는 새가 완전 없었음 쇠붉은뺨멧새 쓰레기장쪽 돌고옴  새는 평범하게 있고, 끝에 경치 맛집이 있어 힐링하고옴 물총새 왼쪽이 수컷인듯  계속 사냥 시도함 가마우지 등대쪽에 특히 많음   해변쪽은 생각보다 새가 없었음 장다리물떼새 (종추) 보고싶었던 녀석인데 봐서 좋았어 검은턱할미새 검은이마직박구리 이곳저곳에서 많이 보임 대충 솔새임 해변 데크길은 새가 평범하게 있지만 첫번째 정자 이후로는 길 상태가 노답이라 더 안가는걸 추천 진짜 추락할거 같더라 ㄷㄷ   왕새매 ( 종추 ) 다행히 맹금도 한마리 건졌음 붉은배지빠귀  ( 종추 ) 개똥지빠귀 되새와 친구들 아이스크림 같은 때까치 ㅋㅋ 노랑눈썹멧새 물총새 발이 귀엽게 나옴 흰뺨검둥오리 대충 솔새 이번 탐조의 주인공 큰유리새  ( 암컷 )  ( 종추 ) 큰유리새 수컷  이거보고 첫날의 스트레스가 다 사라짐 지들끼리 정신없음 ㄷㄷ 너무 멋짐 뚜껑 오픈ㅋㅋ  총 10종추로 목표치 딱맞췄네 ㅋㅋ 새가 적은편이였지만, 내륙에서는 보기 힘든 새들을 쉽게 찍을 수 있어 좋았음 어청도 탐조를 마치고, 금강하구 갯벌 탐조까지 갔다옴 갯벌도 곧 올려줄게  - dc official App출처: 조류 갤러리 [원본 보기]",[]
326054,"`이재명 측근` 정진상, `대장동 민간업자 재판`서",https://gall.dcinside.com/board/view/?id=dcbest&no=326054&_dcbest=1&page=1,"- 관련게시물 : 치과간다고 하면 재판 빼준단다 ㅋㅋㅋㅋㅋㅋㅋㅋㅋㅋㅋㅋㅋㅋㅋㅋㅋㅋㅋㅋㅋㅋhttps://n.news.naver.com/article/029/0002951112?sid=102 [속보] `이재명 측근` 정진상, `대장동 민간업자 재판`서 ""일체의 증언 거부""정 전 실장 ""검찰 증인신청에 신뢰 없고, 언론 항상 비틀어 써"" 정진상 전 더불어민주당 대표실 정무조실장이 28일 이른바 '대장동 개발 비리 의혹' 민간업자들 재판에 증인으로 출석했으나 증언을 거부했다. 서울중앙지n.news.naver.com출처: 잡담 갤러리 [원본 보기]",[]
326053,여시)오늘자 한국여자와 결혼하면 안되는 이유,https://gall.dcinside.com/board/view/?id=dcbest&no=326053&_dcbest=1&page=1,"돈없는한남이랑 결혼한 외녀가..자기는 돈없어도된다,비싼옷없어도된다 이러는데난 돈없으면 못살듯 ㅠ저 외국인은 아직 한국패치가 안돼서 보는시각이 다른건가????댓글들여윽시 한녀들클라스...어디안간다사랑없이 결혼은 되지만돈없이는 안된다는...한녀들되려 외녀의 시각이 이해가 안간다고함ㅋㅋ비정상(돈에눈먼 매매혼)이 너무많아 정상이되고.사랑 하나로 결혼한 외녀가 비정상이 되버린 상황...현 한녀,나거한 결혼문화임.한녀 취집길은. 주갤이 막습니다근데뭐. 이미 자연적으로 막혀가는중출처: 주식 갤러리 [원본 보기]",[]
326051,김재환 PD 백종원 퇴로차단..jpg,https://gall.dcinside.com/board/view/?id=dcbest&no=326051&_dcbest=1&page=1,"4. 프랑스로 도망간다- 백종원 옹호기사의 댓글창이 닫힌 이유 by 45플러스- 백종원 사냥꾼 킹재환 ""일요일까지 갑질 여부 답해라""전면전 선포 ㅋㅋㅋㅋㅋ- 김재환PD 뿌가 상대로 멸망전 선언GOAT골갤러들이함께합니다- 45플러스 최고조회수 1위 따잇했네 ㅋㅋㅋ역시 백대표님! ㅋㅋㅋㅋㅋ- [45플러스] 백종원 뉴스, 해석하는 법https://youtu.be/E9hRYSKUINM4/21 '백종원 신화의 시작과 끝' 영상 업로드 후 쏟아져 나온 뉴스들!한경닷컴과 한국일보의 눈물겨운 백종원 구하기?백종원 김재환 멸망전이 된 진실게임?이번 주 일요일까지 백 대표의 입장 표명을 기다리겠습니다.출처: 백종원의 골목식당 갤러리 [원본 보기]",[]
326050,오싹일본 지진 당시 쓰나미에 속수무책으로 당하는 자동차 안 상황.gif,https://gall.dcinside.com/board/view/?id=dcbest&no=326050&_dcbest=1&page=1,대지진 발생 6시간 전여느때와 다를 것 없는 평범한 아침거래처를 돌고있는 도중 오후 2시 46분경최대 진도 7을 기록한 대지진을 맞이한다지진발생 약 1시간이 지난후 오후 4시경해안과 근접해 있는 거래처로 이동중정체된 차량 앞에는 쓰나미로 떠내려가는 차량들이 보인다.쓰나미와 조우 10초 경과만에피할겨를도 없이 뒤에서 들이닥치는 쓰나미쓰나미 조우 25초만에 제어할 수 없을 정도로 물이 불어남운전석에 보이는 한 사람4분경과 후 급류에 휩쓸려 버린 차량쓰나미 조우 약 4분 30초 경과만에 차량이 건물에 충돌하여 물에 잠기고 영상이 끊김출처: 싱글벙글 지구촌 갤러리 [원본 보기],[]
326048,대선 후보를 편의점 상품에 비유하는 김동연,https://gall.dcinside.com/board/view/?id=dcbest&no=326048&_dcbest=1&page=1,당연히 김동연 입장에선 국힘 후보를 편의점 상품에 비유할때 모두 까내릴 수밖에 없는데 순발력으로 빠르게 대답할때 나오는게 김문수나 홍준표는 유통기한 드립 나오고 한동훈은 과대포장됐다고 바로 특징이 잡히지만 안철수는 그냥 생각나는 깔거리가 밋밋하다 그정도임 이건 오히려 자극적이지 않고 담백해서 건강에 좋은 약과로도 해석될 수 있음 그냥 보통 사람이 선거철 임박해서 딱 이미지를 떠올렸을 때 안철수는 매번 상대적 선녀 포지션에 있었고 그게 여조는 몰라도 실제로 투표함 까봤을때 양자의 간이 발동되는 이유임  - dc official App- 이재명은 snl에 안 나옴?https://youtu.be/AKJhWXDRlmQ?si=-bL62_lTcYslyDDU SNL 코리아 시즌 7 | 지점장이 간다 | 김동연 | 쿠팡플레이 | 쿠팡?SNL 코리아 풀버전은 쿠팡플레이에서!https://coupangplay.app.link/EH7EuGayEHb?이번 주 SNL 코리아 주요 코너는?- 맥도날드 트럼프 쇼- 젊음의 묘약 서브스턴스- 전설의 팬미팅- 커뮤 밖은 위험해?- 화장실 작전타임 - 경증외상센터- 위켄드 ...youtu.be대선후보들 줄줄이 다 나오고 있는데- 한동훈 김동연 SNL 조회수차이허허.. 출처: 안철수의 힘 갤러리 [원본 보기],[]
326047,초비상) 속보 SKT 복제폰으로 5000만원 털림,https://gall.dcinside.com/board/view/?id=dcbest&no=326047&_dcbest=1&page=1,- 관련게시물 : SKT 가입자 2300만명인데 유심 재고 100만개- 관련게시물 : 안싱글벙글 SKT 대고객 발표문 뜸따라해봐 좆됬어요- dc official App- Skt 해킹...피해자 나온듯??  ㄷㄷ...News무섭노 ㄷㄷ- 속보] SKT 먹통 이후 5000만원 인출…첫 해킹피해 신고은퇴시기에 날벼락ㅋㅋㅋ- 진짜 개병신같은 나라네 ㅋㅋㅋㅋㅋ피해자들이 이러고 있네존나 토 나오는 미개한 국가네 씨발 ㅋㅋㅋㅋㅋㅋㅋㅋㅋ출처: 미국 주식 갤러리 [원본 보기],[]
326045,싱글벙글 알고보면 중세 중국의 최고 사치품,https://gall.dcinside.com/board/view/?id=dcbest&no=326045&_dcbest=1&page=1,"는 군주들의 복장 곤룡포 엥? 옷이 아무리 비싸도 용보 떡 붙은게 최고 사치품이라고? 싶을텐데 곤룡포는 고대 유목민들이 입었던 단령의 일종이다 단령이란 목깃 주변이 둥근형태의 옷으로 (단이란 글자 자체가 둥글다는 의미다) 양복이 도입되기 전까진 한자문화권에서는 1000년이 넘는 긴 세월 동안 정장 위치에 있었다 그렇게 단령이 기득권들의 옷이 되자 군주들도 일상에서 입었는데 군주가 입는 단령은 둥근 용보가 있어서 곤룡포라고 불린다 그리고 곤룡포의 전성기는 당연히 명나라 시대다 (딱봐도 왼쪽은 심플한데 오른쪽은 엄청 화려하다) 이렇게 된건 이 명나라의 6대황제 정통제가 몽골 부족 잡겠다고 친정을 나갔다가 개털려 포로가 된 후 돌아왔는데 돌아오니 동생이 황제(경태제)가 되어있고 본인은 뒷방 늙은이로 전락한다  하지만 얼마못가 동생이 병에 걸렸고 이 기회를 놓칠세랴 지 똘마니들과 쿠데타를 일으켜 동생을 폐위 및 감금 시킨뒤 다시 황제가 됐다  당연히 친정해서 진것도 모자라 포로까지 됐던 놈이 다시 황제가 되니 위엄이 살리가 없었다 그래서 옷이 날개라고 하던가? 위엄 좀 높히겠다고 곤룡포를 새롭게 디자인해서 지금 같이 화려하게 만들어버린다 (영어에도 좋은 옷이 사람을 만든다는 속담이 있다) 가장 큰 특징은 곤복의 문양도 다 넣어버렸다는 것  새를 빼면 양옆에 6개씩 나열 되어있는데 이걸 12장문이라 한다 (팔의 새 문양도 곤복에 넣던거다) 곤복은 이 옷이다 보통 면류관과 세트로 착용하며 용포 위에 덧 입는식이다  고대엔 일상복이였는데 딱봐도 치렁치렁 해보이는게 불편해 보이고 실제로도 그래서 단령 출현 이후엔 국가행사,제사 지낼때 입던 예복으로 전락했다 그리고 어진에서는 그리기 귀찮았는지 빼버렸는데 사실 옷 전체가 문양 범벅이다 (이 용포는 홍위병들이 만력제 무덤 박살낼때 도굴한 용포들로 밑이 복원된 거다) 박쥐만 300마리 황제의 만수를 기원하는 뜻에서 壽(목숨 수)  그리고 여의문양으로 빼곡히 차있다 그래서 첨 만들때는 무려 13년이란 세월이 걸렸다 근데 제작 자체는 그렇게 오래 안걸렸을거고 디자인 생각하는데 시간 다 썼을 가능성이 크다 ​그야말로 황제만 입을 수 있으며 10년이 넘는 세월을 걸쳐 탄생한 하나의 예술이자 최고의 사치품이였다 ​ 근데 실착용 모습 보면...  음... 그림으로 볼 때는 멋있어 보였는데... 옷걸이 문젠가... 간단히 용보 4개딱 심플한 조선식 용포가 더 나은거 같기도.... (명나라는 앞뒤 3개+어깨2개+옆에2개씩 해서 용보가 12개임) 출처: 싱글벙글 지구촌 갤러리 [원본 보기]",[]
326042,미국에서 한국인간호사 채용거부 ㅈㄴ 웃기네 ㅋㅋㅋ,https://gall.dcinside.com/board/view/?id=dcbest&no=326042&_dcbest=1&page=1,태움문화로 직장분위기 망쳐놔서 미국병원들에서 한국인간호사 채용거부 ㅋㅋㅋ야 진짜 대단하다경쟁이 극심한 구조에서 나고자란 인도인들도 미국가면 같은 인종끼리 뭉쳐서 서로 끌어주고 밀어주고 하는데. 빌붙어먹을 생각만하는 조선인 강약약강dna는 현지인들한테 가랭이 쫙벌리고 개처럼 기다가다른 한국인 간호사 오면 경쟁자로 인식하고 밟아버리노 ㅋㅋ진짜 대단하다 대단해어디든 나거한이 모이면 그곳이 나거한이 된다출처: 무출산 갤러리 [원본 보기],[]
326041,⑤8박9일 도쿄-고치-나고야 여행기,https://gall.dcinside.com/board/view/?id=dcbest&no=326041&_dcbest=1&page=1,"[시리즈] 8박9일 여행기 시리즈 · ①당신의 고치 여행이 조금 더 즐거워 지기를 바라며 - 료마패스포트 · 고치에서 갔던 음식점들 총정리 · ① 8박9일 도쿄-고치-나고야 여행기 · ② 8박9일 도쿄-고치-나고야 여행기 · ③ 8박9일 도쿄-고치-나고야 여행기 · ④ 8박9일 도쿄-고치-나고야 여행기 오늘은 민주화관, 니이다신사, 류이치 요코야마 박물관을 가기로 했다역시 시작은 고치역 앞 노면전차 승강장모닝누오 하이어쨌든 아침 먹으러 이동한곳은 珈琲館 デポー 京町店맛있는 고치모닝을 맛볼 수 있다가격도 꽤 괜찮은편이고 점심메뉴들도 괜찮더라어쨌든 나는 고치모닝 PART4랑 아이스커피 50엔 추가해서 먹었다한산한 노면전차난 데스카 발급받아서 찍고 타고다녔다자유민권기념관내부는 사진촬영 대부분 사진촬영 금지내용이 좀 어려워서 번역기 허락을 맡으니 번역기는 OK라고한다퀴즈같은것도 있는데 다 하고 접수처가서 정답 맞냐니까 본인들도 몰라서 가서 확인하고 다시 알려줌하는사람들이 많진 않은듯..ㅋㅋ한시간정도 관람하고 버스타고 하리마야바시 인근으로 이동여기서 버스를 타고 니이다 신사로 이동 할 예정노면전차와 차도가 함께있는 이국적인 풍경그건 그렇고 고치는 코카콜라 간판이 굉장히 많더라버스를 타고 내려서 니이다 신사로 가는 길한적하다 아니 사람한명 없음풍겨오는 봄바람에 편승한 섬유유연제 냄새가 참 좋더라10분정도 걸어서 도착한 니이다 신사평일이라 아무도 없었다 여름에는 풍경 및 풍등으로 꾸민다고 한다테미즈야는 생화를 띄워놔서 이뻤음매달 초순에 꽃을 띄우는 행사를 한다던데 이게 물속에 있어서 시들지 않은건지 모르겠네니이다 신사 본당이곳 역시 사카모토 료마와 관련이 있는 신사. 주변 11개의 신사를 합병하여 다양한 신들을 모시고 있는 곳이라 비는 소원도 가지각색인 곳적당히 건강을 기원하고 목적을 향해 이동그것은 가츠오 오미쿠지300엔으로 낚시대를 이용해 가츠오 오미쿠지를 할 수 있다!미쿠지는 직접 가져가도 되고, 신사에 매달아 놓아도 된다고 함나는 가지고 왔다대충 이렇게 걸어서 오미쿠지를 낚아야하는건데 은근 어려움ㅋㅋㅋ5분정도 끙끙대다가..우효www 월척 겟또다제뱃속에 운세종이가 접혀져 들어가있다다행히 길떠서 가져왔음방문국가 KOREA에 스티커 하나도 없는거 1호로 붙혀주고 왔다대만은 직항이 있어서 그런지 외국 방문객중에서는 최다 ㄷㄷ근데 고치로 돌아갈 버스 시간이 한참남아서 짱박히기로 함..그래도 갤럼들 여행하는거보면 이정도는 많은 편근처 편의점 이트인 코너에서 잠깐 쉬다가 버스타러 돌아갔다한정거장 더 가서 내려도됐더라..다시 잡긴 늦었고 걸어서 이동했다저 계단타고 가거나 뒷쪽 에스컬레이터 타고 3층인가 가면 요코야마 류이치 박물관2층은 요코야마 류이치 관3층은 야나세 타카시 기획전 중이었음중간중간 사진 안되고 3층 기획전관은 아예 안됨'그건그렇고 우리도 신문에서 몇십년동안 4컷만화 나오던게 있었던거 같은데..요코야마 류이치의 행적을 볼 수 있었다재밌었음당시 살던 자택을 구현한건데 퀄이 상당하다 ㄷㄷ거기에 음성도 나와서 보는맛이 있었음이건 1월~12월까지 실렸던 만화로 달력같이 만들어 놓은 것바를 너무 좋아해서 자신의 집에 바를 직접 만들었다고 한다이 또한 상당한 퀄리티에 놀랄수밖에 없었다주딱이 좋아하는거3층은 호빵맨 작가 야나세타카시 기획전인데 사진을 아예 찍을 수 없는 곳호빵맨 그림체만 봐서 몰랐는데 그림실력과 필력이 상당하시더라 ㄷㄷ어쨌든 다보고 고치역으로 이동요사코이 박물관 가고싶었는데 휴일이라 못갔음..슬슬 퇴근시간이라 차들도 많아졌다
고치역 앞으로 무사복귀호텔에서 좀 쉴까했는데 다음날 아침부터 나고야로 이동해야 하기때문에 일찍부터 한잔하기로고치역 앞에 있는 이자카야 토사구토금지 표지판이 인상적이다 이곳은 무조건 술과 안주가 맛있다일단 오토시와 나마로 목부터 축여주기주문한 가츠오 타타키, 벌써 고치와서 4번째 먹는다그래도 떠나면 이 맛을 못느끼니까 먹었음개인적으로 가장 맛있게 먹었던 타타키칼로리 보충용으로 에비칠리도 하나 시켜줌이쯤에서 맥주도 다 마셔가니 옆자리 젊은분한테 고치사람이냐고 물어보며 이자카야 스몰톡 시작이런저런 얘기하다가 롤 얘기도하고, 버튜버 얘기도하고, K4SEN얘기도 하고, 일본 직장얘기 등등 다양하게 했음아니 근데 깻잎논쟁 얘기를 어케아는지 그런것도 물어보더라 ㅋㅋㅋ 도대체 어케아는거임?첫잔으로 추천받은 54호프루티한 맛이 좋다고 해서 추천받았는데 맛있었다들어보니 지금은 사이타마에서 일하며 살고있고, 그 전에는 가나자와에서 일했다고 함수습기간이라 뭐 휴가같은게 나와서 시코쿠돌고 올라가는거라고 하더라한시간넘게 떠들다가 주인분도 합세해서 같이 놀았음고치에 꽤 한국사람들 오냐니까 가끔씩 온다고함그다음으론 CEL-24, 산로쿠 한잔씩 마신듯? CEL-24 강추함떠나기전에 같이 셀카 한장서로 핸드폰으로 한장씩 찍었음자긴 한국인들 말 없이 과묵한 타입이라 무서웠는데 한국사람 말 이리 말 많은지 첨 알았다함..모두 나 같은건 아니겠지만 무서워보여도 말 걸어주고 말 함께 하다보면 다들 좋은사람일거라고 얘기해줌다음엔 자기가 먼저 한국사람에게 말 걸어보겠다며 얘기하고 헤어졌음 이렇게 마시고 4시간 버스타고 다음 목적지로 떠난다더라 ㄷㄷ하긴 장시간버스 탈때는 술이 최고긴할듯그 뒤로 가고싶었던 니혼슈바로 갔는데 휴무일;;아아악!!기본으로 깔리는 분탄소금을 뿌려서 제공해주길래 물어보니까 단맛이 더해진다고 함수박같은 느낌인듯?대충 근처에 있는 케쥬얼 바에 들어옴비정기적으로 DJ나 가수분들이 와서 라이브하는 음악펍느낌의 바안주류는 이렇게도 있고 카운터에 보면 그날그날 안주도 있다난 배가 좀 찼으니까 속 보호용으로 베-콘에그 주문맥주 하이볼 가장 자신있는 칵테일 두잔인가 마셨음이거 사채꾼 우시지마에서 봤는데..호스트 편이었는데 꽤나 암울했던 내용이었는데 어쨌든 여기서도 한시간 반정도 재밌게 얘기하다 갔음요사코이 축제 같이 방값 보다가 충격받고, 이때가 아이묭 인천 입국했을때라 아이묭 얘기하면서 음악얘기좀 하다가내가 SUPERBEAVER 좋아한다니까 무슨곡 좋아하냐해서 らしさ 좋아한다고 하니까 바라카몬 이야기 해주더라 ㅋㅋ오 나도 재밌게 봤다하고 애니얘기좀 하다가 최근 한국에서 인기있는 일본가수 레이나 얘기해주니까 모르더라.. 근데 노래좋다고 자기도 들어본다함고치막날.. 여기서 마무리로 함께 재밌게 놀고 나옴다음이 언제가될지 모르겠지만 이상한 한국놈이 이 사진 보여주면서 다시 돌아오면 그때도 잘 부탁한다고 얘기하고 고치에서의 모든 일정 종료확실히 대도시보다는 적당히 큰 도시가 난 좋다다음에 다시보자 고치야출처: 일본여행 - 관동이외 갤러리 [원본 보기]",[]
326039,싱글벙글 과거 1972년도 당시 서울과 도쿄의 모습,https://gall.dcinside.com/board/view/?id=dcbest&no=326039&_dcbest=1&page=1,서울도쿄저 때는 진짜 비교할 수 조차도 없는 어머어마한 넘사벽 차이였었노출처: 싱글벙글 지구촌 갤러리 [원본 보기],[]
326038,서울 여의도 파크원 건물 화재로 대피 소동…인명 피해 없어,https://gall.dcinside.com/board/view/?id=dcbest&no=326038&_dcbest=1&page=1,"https://n.news.naver.com/article/029/0002951097?sid=102 [속보] 서울 여의도 파크원 건물 화재로 대피 소동…""인명 피해 없어""서울 여의도 파크원 건물 화재로 대피 소동…""인명 피해 없어"" 서울 영등포구 여의도의 대표적인 랜드마크인 파크원타워에서 화재가 발생해 주요 증권사 등 입주사들 임직원들이 대피하는 소동이 발생했다. 28일 관련 업계에n.news.naver.com- 여의도 파크원 건물 불...500명 대피https://mobile.newsis.com/view/NISX20250428_0003156138 여의도 파크원 건물서 불…500명 대피인명 피해 없어…건물 3층 창고서 화재 추정mobile.newsis.com - dc official App출처: 스카이 갤러리 [원본 보기]",[]
326036,"소녀상 모욕한 유튜버 급기야... ""한국에 성병 퍼트리겠다""",https://gall.dcinside.com/board/view/?id=dcbest&no=326036&_dcbest=1&page=1,- 관련게시물 : 싱글벙글 조니 소말리 근황- 관련게시물 : 빈곤빈곤 조니소말리 근황출처: 기타 국내 드라마 갤러리 [원본 보기],[]
326035,4월 28일 시황,https://gall.dcinside.com/board/view/?id=dcbest&no=326035&_dcbest=1&page=1,하이라이트초록색 : 현상황에서 긍정적파란색 : 중립 또는 긍정 부정 혼재분홍색 : 현상황에서 부정적ㅡㅡㅡㅡㅡ ㅡㅡㅡㅡㅡ 엔비디아 ㅡㅡㅡㅡㅡ 애플 ㅡㅡㅡㅡㅡ 개슬라 ㅡㅡ ㅡㅡㅡㅡㅡㅡ 개추출처: 미국 주식 갤러리 [원본 보기],[]
326033,유명 로판 작가 손 공개 대참사 ㄷㄷ,https://gall.dcinside.com/board/view/?id=dcbest&no=326033&_dcbest=1&page=1,출처: 역학 갤러리 [원본 보기],[]
326032,싱글벙글 알힐랄 혼자 개털어버렸던 선수,https://gall.dcinside.com/board/view/?id=dcbest&no=326032&_dcbest=1&page=1,"당시 라인업 킥오프 직후 공중볼 + 학다리 패스 커팅 2 연이은 수비 성공 장면 최종수비와 간격을 좁게 서면서 잘라먹는 플레이 후방 인터셉트 후 전진 중원 커팅 > 공격가담 > 박스타격 전방 침투 라히미와 주고 받으며 파포스트 슛 여유로운 방향 전환 후반 막판에 뚝배기 노리던 밀코사 맨마킹 후반 종반 흐름에서는 알힐랄 공격이 거세졌고 주로 3선에서 알도사리, 밀코사를 번갈아 마킹 ACL 4강 1차전 <알아인 4 - 2 알힐랄> 알힐랄 - 공식전 43경기만에 패배 39승 3무 1패​대 용 우​ 출처: 싱글벙글 지구촌 갤러리 [원본 보기]",[]
326030,"이낙연, 대선 출마 뜻 밝혀…""후보 등록 준비 시작""",https://gall.dcinside.com/board/view/?id=dcbest&no=326030&_dcbest=1&page=1,"https://n.news.naver.com/article/055/0001253187 - [단독] 이낙연, 대선출마 후 한덕수와 단일화 가능성 시사출처: 새로운보수당 갤러리 [원본 보기]",[]
326029,강릉 주택가 군 포탄 폭발사고...3명 중경상,https://gall.dcinside.com/board/view/?id=dcbest&no=326029&_dcbest=1&page=1,"- 강릉 고물상, 포탄 분리 원인 추정 폭발. https://www.khan.co.kr/article/202504281019001#c2b 강릉 고물상에서 ‘포탄 폭발’ 추정 사고로 3명 다쳐···군, 원인 조사 중강원 강릉의 한 고물상에서 폭발 사고가 나 3명이 다쳤다. 28일 소방당국 등에 따르면 27일 오후 4시32분쯤 강릉시 입암동의 한 고물상에서 포탄 폭발로 추정되는 사고가 발생했다. 이 사고로 업체 관계자 등 3명이 다쳐 병원으로 이송됐고 건물 5㎡가 불에 탔다. 현장에서는 포탄 등이 발견됐다고 소방당국은 설명했다. 소방 관계자는 “포탄 분리 과정에서...www.khan.co.kr불발탄 뜯는건 6070 이야기 아니었누? ㄷㄷ 출처: 해외야구 갤러리 [원본 보기]",[]
326026,"냉혹한 재평가 받는 리더 캐릭터, 유바바의 세계.jpg",https://gall.dcinside.com/board/view/?id=dcbest&no=326026&_dcbest=1&page=1,악역이 아니라 선역이였음....출처: 싱글벙글 지구촌 갤러리 [원본 보기],[]
326024,"[솔카씹]수도권 인기 캠장 다녀옴 (축령산, 난지, 호명산)",https://gall.dcinside.com/board/view/?id=dcbest&no=326024&_dcbest=1&page=1,"전부터 벼르던 수도권인기 캠장들 다녀왔다. 특히 축령산은 주말 뿐만 아니라 평일에도 만석되는 미쳐버린 캠핑장인데 운좋게 몇자리 남아서 다녀옴. 야영장 정보 정리. 1. 축령산 휴양림. (남양주시) 1박 6천 (휴양림 입장료1천 주차3천 종량제600원 추가 돼서 실질 비용은 10600원) 데크(*나사팩 오징어팩 둘 다 가져가야함) 전기 불가능. 온수샤워가능. 온수개수대. 전자레인지. 장작불가능. 전망 좋음. 경사때문에 데크까지 짐 옮기기 어려움. 12시 입실, 12시 퇴실이라는 특이한 입퇴실 시간을 갖고 있음. 2. 난지 캠핑장. (서울 마포) 1박 15000원 (잔디 사이트 기준. 주차료 1박 기준 15000원 정도라 체감가 3만) 잔디 데크 파쇄석 사이트 있음. 잔디사이트 전기 불가능. 데크 파쇄석 전기 가능. 온수샤워가능. 전자레인지.(편의점에서 운영, 편의점 구입 제품 외 사용료 200원) 온수개수대. 장작가능.(잔디사이트는 불가능) 들판뷰, 바로 옆 한강이라 한강 산책 가능. 3. 호명산 잣나무 캠핑장 1박 35000/45000 (주말/평일) 데크(*나사팩 오징어팩 둘 다 가져가야함. 나사팩이 더 많이 있어야함.) 전기가능 추가요금 5천원. 온수샤워가능. 온수개수대. 전자레인지. 숲속뷰. 장작가능. 데크 넓음.(대략 6*4미터) 주차장에서 걸어서 10~15분 소요. 거친길이라 카트이용 불가. 축령산 캠핑 후기. 내가 머문 곳. 305번인데 만족. 명당으로 알려진 306 뒤자리임. 306이 확실히 명당이더라. 전망 굿임. 첫짤 노랑텐트, 두째짤 왼쪽 아래가 306인데 더 트인 전망 구경 가능. 어썸 테라패스3 중고로 사서 첫 피칭.  첫날이라 좀 헤멨지만 이 후 며칠 더 써보니까 피칭 쉬운 편. 상당히 만족스러움. 이번엔 카레 제대로 해먹음. 팬에 고기랑 감자 당근 초벌로 조진 다음 반합에 물넣고 끓여서 카레 양파 넣고 다시 끓여서 완성. 개맛있었다..진짜 캠장와서 해먹으면 뭐든 맛있어지는 듯? 요새 어디 식당 가서 뭐 먹을때마다 걍 돈 아까움. 하이트 제로는 씨발 ㅋㅋㅋㅋ 기네스 제로 없어서 사온건데 돈아까웠음. 산 넘어로 해 떨어지는 풍경 감상 가능함. 장작 안되는 곳이라 간만에 꺼낸 아이언스토브. 갬성 굿. 아침도 카레 조지고 후식으로 파인애플까지 먹음. 축령산은 추천할만한 곳. 저렴하고 조용하고 전망좋음. 여기 2인제한인가? 그랬던 거 같은데 그래서인지 ㄹㅇ 조용했음. 사진 보는 것 처럼 경사가 상당해서, 많은 짐을 갖고 이동하는 건 어려움. 그리고 입구에서 신분 확인 완벽하게 하더라. 난지캠핑장 난지캠은 후기도 많고 워낙 유명하니 캠장관련 이런저런 설명은 생략하겠음.바로 옆리 한강 자도라서 자전거 갖고와서 자전거도 탐. 난지의 장점이 이런거 같음.  이번에 처음 개시한 스노픽 플랫버너와 거치대+스텐마이테이블. igt 세퍼레이트 세팅 고려하다가, 어차피 igt하더라도 스텐마이테이블은 다들 쓰는 것 같길래 일단 이렇게 구성해서 써보고 나중에 세퍼레이트를 사던가 하려고 함. 버너 뒤로 보이는 건 양산고무신에서 나온 장작 바람막이임. 이날 바람이 상당히 센 편이라 버너 바람막이로 썼다. 효과는..미비 ㅋㅋㅋㅋ 바람이 너무 셌어. 제육이랑 짜장 조짐. 난지는 꽤 자주 왔는데 사이트마다 특색도 있고 관리도 잘되는 편이라 마음에 듬. 앞으로도 기회되면 자주올 것. 축령산 휴양림 주차장에서 10분 걸어가야 캠핑장이 나옴.  이런 돌 섞인 임도길을 걸어서 가야한다. 차단기 있어서 차량 출입 불가능함. 데크는 넓음. 거의 나사팩만 박히고, 간혹 오징어팩 들어가는 편. 낭만의 관리동. 캠핑장엔 나무 울타리있어서 낭만도 있고 등산객들과 분리시켜서 좋음. 개수대. 전자레인지도 있음. 샤워실은 화장실 옆임. 그렇다고 똥내 나진 않음. 캐비넷 철 재질이라 맘에 듬. 나무 합판 쓴 곳들은 그거 다 벌어지고 휘고 그래서 꼴보기 싫던데 왜 그거 쓰는지 모르겠다. 온수 개뜨거워서 조절 힘들고 수압 약한 편. 하지만 드라이기도 있고.. 뭐 이정도면 만족한다. 아 추가로 화장실이나 샤워실 관리 잘돼있는 편임. 숲 속이라 더러울 줄 알았는데 안그럼. 전기도 가능.  오천원 추가 요금 내야하지만. 장작 사용이 가능함. 이게 이 캠핑장이 인기 있는 이유임. 이런 숲속에서 장작을 합법적으로 태울 수 있는 곳이 많지 않으니까. 다만 바람이 셀 경우는 불가, 캠장에서는 5ms이상 이면 안된다 하는데 어제도 대낮엔 불가능했다가 다섯시 이후에 사용 허가해줌. 장작은 저런 철판 위에 화로대 사용해서 피워야함. 난 귀찮아서 장작 안태웠다. 최근 산불도 있고 낮에 인제 산불 났다 알림도 뜨는데 불질하기 좀 그랬음. 모노 보면서 낙지전골 조짐. 청평하나로에서 산 밀키트 ㄱㅆㅅㅌㅊ..근데 여기 주말 사람 미치게 많더라 내가 가 본 그 어떤 하나로 마트보다 사람많았음.  캠장에서 키우는 고양이가 두마린가 있음.  캠장 주변 막 멤도는데, 눈 마주칠때 쭈쭈쭈 해주면 다가온다 ㅋㅋㅋㅋ 원랜 걍 쌩까는데 아는체 해야 옴. 10분이나 걸어서 가야 하는 불편함+다소 비싼 요금이지만 숲에서 장작 조지고 싶으면 괜찮은 선택 같음. 이상 후기 끝. - dc official App출처: 유루캠프 갤러리 [원본 보기]",[]
326023,"트럼프 ""푸틴은 전쟁 멈춰야, 젤렌스키는 크림반도 영유권 포기 용의""",https://gall.dcinside.com/board/view/?id=dcbest&no=326023&_dcbest=1&page=1,"- 관련게시물 : 우크라 영토 포기 ""종전안 확정"" 트럼프  (워싱턴=연합뉴스) 강병철 특파원 = 도널드 트럼프 미국 대통령은 27일(현지시간) 우크라이나 전쟁 종전 협상과 관련해 블라디미르 푸틴 러시아 ...www.yna.co.kr""푸틴은 당장 공격(shooting)을 멈추고 협상장에 나오라""""젤렌스키와의 만남은 멋지고 아름다웠다. 그는 자신의 나라를 위해 좋은 일을 하고 싶어하며, 훌륭하고 열심히 일하고 있다""""그(젤렌스키)가 3년이 넘은 전쟁 때문에 추가 무기 지원을 요청해왔다. 나는 러시아와 관련해 어떤 일이 일어나는지 본 후 결정하겠다"" (러시아가 지금처럼 시간만 끌 경우 우크라이나에 추가 지원하겠다는 뜻인 듯)""젤렌스키는 크림반도 영유권 제기를 포기할 준비가 되었다고 생각한다""""크림반도가 러시아에게 넘어가도록 만든 가장 큰 범인은 오바마이다. 그에게 왜 크림반도를 포기했는가 물어야 한다""""푸틴을 신뢰할 수 있냐는 질문에 대한 완전한 답변은 앞으로 2주 안에 알려주겠다""""러시아가 여전히 우크라이나를 공격하고 있는 것이 매우 실망스럽다""- [AP] 우크라이나, 크림 반도를 공식적으로 포기하지는 않겠다https://apnews.com/article/russia-ukraine-war-crimea-peace-talks-concession-58de3cf0bd289e2e2377a9e4914285c0 Shocked by US peace proposal, Ukrainians say they will not accept any formal surrender of Crimea A peace proposal by the Trump administration that includes recognizing Russian authority over Crimea shocked Ukrainian officials.apnews.comShocked by US peace proposal, Ukrainians say they will not accept any formal surrender of Crimea미국의 평화 제안에 충격받아, 우크라이나인들은 그들이 크림 반도의 공식적인 포기를 수용하지 않겠다고 말한다[요약]크림 반도에 대한 러시아의 권리를 인정하는 내용을 담은 트럼프 행정부의 평화 제안으로 우크라이나 관계자들은 큰 충격을 받았다. 이들은 러시아가 크림 반도를 점유하는 것을 당장은 인정하겠지만 공식적으로 영토를 포기하는 일은 없을 것이라고 말했다.미국의 도널드 트럼프 대통령은 우크라이나에 크림 반도를 포기하고 전쟁을 종식시키라고 압박하고 있다. 그러나 전문가들은 볼로디미르 젤렌스키 우크라이나 대통령이 그러한 제안에 일방적으로 서명할 경우 최대 반역죄가 적용될 수 있으며, 그렇지 않더라도 정치적 자살 행위나 마찬가지라고 말한다. 우크라이나 국민들의 반발 역시 상당하다. 우크라이나인들도 크림 반도를 재탈환할 방법이 없다는 것을 대체로 이해하고 있지만, 러시아에 영토를 양보하더라도 이는 일시적인 것이지, 영구적인 영토 포기가 아니라고 생각하고 있다. 크림 반도를 포기하자는 제안은 우크라이나가 이 전쟁에서 사실상 패배했음을 인정하는 것이자 전쟁으로 사망하거나 부상을 입은 수만 명의 우크라이나 군인들의 희생을 무의미하게 만드는 것으로 받아들여지고 있다.영토 구성을 변경하려면 개헌과 전국적인 국민 투표를 필요로 하는 상황이기 때문에 우크라이나 정부도 이 문제에 있어 행동을 취할 수 없는 상황이다.키이우 경제대학 총장이자 전직 경제부 장관인 티모피 마일로바노프는 러시아가 크림 반도의 포기를 밀어붙이는 이유는 그것이 불가능하다는 것을 알기 때문이라고 말했다. 크림 반도의 포기에는 개헌이 수반되어야 하고, 개헌과 관련된 모든 논의의 장은 러시아가 우크라이나의 정책과 대중 커뮤니케이션에 영향력을 끼칠 공간이 될 것이라고 그는 덧붙였다.- 루비오 ""이번 주에 러-우 종전 중재 지속 여부 결정"" 美국무  (워싱턴=연합뉴스) 박성민 특파원 = 마코 루비오 미국 국무장관은 27일(현지시간) 우크라이나 전쟁 종식을 위한 러시아와 우크라이나 사이의 미국...www.yna.co.kr""이번 주는 우리가 이 갈등을 중재하는 것을 계속할지 아니면 다른 문제에 집중할지는 결정하는 매우 중요한 한 주가 될 수 있다""""우리는 평화를 향한 실질적 진전을 이루고 있지만, 현실적으로는, 솔직히 말하자면 (평화가) 충분히 가까이 오지는 못했다""""러시아가 말을 듣지 않을 시 금융제재나 2차제재에 관해서는 가능한 모든 옵션을 고려하고 있지만 아직 그 단계까지 갈 시점은 아니다. 그 전에 먼저 외교적 노력부터 실시해야 한다""""이 전쟁의 유일한 해결책은 양측이 서로 원하는 것을 포기하고 원하지 않는 것을 양보하도록 합의하는 것이다. 러시아와 우크라이나 양측은 서로 공평하게 무언가를 얻고 무언가를 포기해야 한다""리빙포인트) 루비오는 2주 전에도 당시 7일 내로 휴전이 이루어져야 한다며 그러지 않을 경우 미국이 중재를 포기할 수 있다고 엄포를 놓은 적 있다. 물론 이 말은 전혀 지켜지지 않았음출처: 군사 갤러리 [원본 보기]",[]
326021,또간집 안양편 논란 총정리 (+근황),https://gall.dcinside.com/board/view/?id=dcbest&no=326021&_dcbest=1&page=1,- 또간집 안양편 작정하고 사기쳤나보네같은메뉴인데 손님이랑 풍자한테 준 퀄리티 차이봨ㅋㅋ출처: 이슈 갤러리 [원본 보기],[]
326020,"북한, 러 파병 공식 확인…“김정은이 북러조약 근거해 결정”",https://gall.dcinside.com/board/view/?id=dcbest&no=326020&_dcbest=1&page=1,"- 북한, 러시아에 군대 파병 발표얘들 갑자기 왜 이러지??  - 북한, 러시아에 군 파병 및 전사자 발생 공식 확인 北김정은 “전투 위훈비 건립할 것”… 러 파병 희생자 공식 확인 北김정은 전투 위훈비 건립할 것 러 파병 희생자 공식 확인www.chosun.com정은이 ㄹㅇ 붉은광장 가려나 보네출처: 중도 갤러리 [원본 보기]",[]
326018,현재 오버투어리즘으로 심각한 교토 근황,https://gall.dcinside.com/board/view/?id=dcbest&no=326018&_dcbest=1&page=1,"@y_138연세가 많으신 어머니는 버스도 못 타시고 부딪히면 무섭다고 시조나 백화점도 갈 수 없어요@yoyogikaikan정말 안타깝습니다.백화점에 가는 재미가 없어지겠네요.여러 가지 영향이 미치지 않기를 바랍니다.버스정류장에서 노약자나 휠체어를 밀고 있는 분들이 병원에 가는데 버스가 꽉 차서 힘들다고 하소연합니다.왜 몇 년이 지났는데 아직도 대책이 안 나오는 걸까요?@minato71216유럽과 미국에서는 이러한 행동이 일반적인 것으로 간주됩니다. 설령 불법으로 규정하는 법이 제정되더라도 대부분의 유럽과 미국 관광객들은 그 규칙을 모르거나 지키려고 하지 않을 것입니다. 자국에서도 사소한 규칙을 존중하지 않는 경향이 있기 때문에, 안타깝게도 일본을 방문했을 때 그 규칙이 작동할 것으로 기대하기는 어려울 것 같습니다.@yoyogikaikan그렇죠.그렇다면... 막막함으로 가득 차 있습니다.@padiru갑작스런 댓글 실례합니다. 정말 교토의 참상은 너무 심해서 시민들에게 부담이 되고 있는 것처럼 느껴집니다. 어떤 대책이 마련되기를 기대해 봅니다@yoyogikaikan글쎄요, 교토 시민에 대한 대책이 전혀 없는 것 같아 실망스럽습니다외국인 관광객의 매너가 좋지 않은 경우가 많아서 답답함이 가득합니다. 그래도 일본인보다 배려심이 있는 분들도 있으니 그때는 감사와 미소로 소통을 하고 있습니다.@onthe5now저 녀석들은 아무데서나 앉아서 담배 피우고, 쓰레기 버리고, 술 마시고, 정말 뭐든지 다 하는 것 같아요비단 중국인만의 문제가 아니다. 모든 외국인들이 이런 식이다.@sazae2023이런 정책 실수는 민간인이 감당할 수 없다.아직 정치인은 이민도 포함해서 점점 더 많이 넣으려고 하고 있으니까요.일본을 망치고 싶다고 밖에 생각되지 않습니다.대처법이 아니라 소리 높여 인바운드를 추진하지 않는 정치인을 지지할 수밖에 없습니다.@hiroshimima2559저 사람들, 어른도 아이도 아무렇지 않게 벤치 대신 계단에 앉기 때문에 정말 민폐입니다.@machizo11ten뭐, 입국 시 1인당 현금 2만 달러 보증금 강제 징수하는 수밖에 없다 ? 그 돈으로 조달할 수 밖에 없다 ? 가난한 하층민 바보 외국인들이 안 오면 조금은 편해진다고 ?@alicetoteless1땅바닥에 앉지 않는 돈 있는 관광객이런 사람만 일본에 입국하면 된다고 생각함@FJU51N2owASrACz점점 외국인 전반에 대해서도 개인적인 감정이 날이 갈수록 혐오감이 강해지고 있습니다 지금까지 겸손하게 순응해 온 재일 외국인들에게도 그런 감정이 생길 것 같습니다 배척운동에도 찬성하고 싶은 마음이 생깁니다 이런 일본인의 감정을 만들어내려고 일본 정부는 유도하고 있는 듯@OraaOraora역시 거리가 더러워지는 것은 해로운 사람이라는 것이 일본 정부의 정책에 의해 증명되었구나.분명히 민도가 너무 다르다.교육이 근본적으로 안 되는 나라가 너무 많다.@gdgdmkmk9191343이 한 장의 그림만으로 이제 지옥이 전해진다.일본은 망해버렸다.조선 의원들이 모두 숙청되지 않으면 일본은 소멸된다.선거 합시다.@biglizardswife순찰을 강화해서 길가에 앉아서 밥을 먹거나 쓰레기를 버리는 사람은 여권을 확인해서 벌금을 부과하고, 출국 전에 돈을 내야만 출국할 수 있도록 해야 한다고 생각한다.출처: 싱글벙글 지구촌 갤러리 [원본 보기]",[]
326017,"""30~34세 미혼율 3배 늘었다""디시글을 본 40대 더쿠 노괴 아줌마들",https://gall.dcinside.com/board/view/?id=dcbest&no=326017&_dcbest=1&page=1,출처: 주식 갤러리 [원본 보기],[]
326015,이재명 오늘자 진짜 무섭네 ㄷㄷ.jpg,https://gall.dcinside.com/board/view/?id=dcbest&no=326015&_dcbest=1&page=1,"- 관련게시물 : 이재명 “반드시 정권 탈환…‘진짜 대한민국’ 만들어 보답”공포 그 자체- 킨택스 갔다온후기 좀늦게 갔는데 어캐저캐 명당자리에 서서 볼수 있었음역시 갤주 연설 딕션이 너무 좋고 내용도 진심이 느껴짐현장에서 듣고 싶어서 가봤는데 진짜 박력감 미침Ps) 김동연 연설할땐 주위에서 다들 욕하더라. 민주당의 배신자라고 김경수는 걍 반응없이 박수는 쳐주고(바둑이는 그나마 개그라도 치지 김동원은 뭔 안철수같더라)4시10분쯤끝나고 5시40분쯤 발표라 기다리느라 좀 지치긴했는데 득표율 들으면서 도파민 폭발하고 ㅋㅋㅋ특히 제외국민 투표때 ㅋㅋㅋㅋㅋ 수락연설 진짜 이때 울었음돌출무대로 나와서 당원들 가까이서 연설하는데 패배보다 패배후 국가 망가지는게 더 마음아팠다고 그거 당원들이 일으캬줘서 여기꺼지 왔다고 할깨 눈물나더라그리고 다 같이 나아가자고 외칠때 뿌듯함이 수원에서 일산까지간 보람이 있더라 너무 알찬하루지금은 이재명!- dc official App- 더불어민주당 대통령 후보 수락 연설 전문존경하는 국민 여러분, 사랑하는 더불어민주당 당원동지 여러분! 20년 민주당원 이재명이, 민주당의 제21대 대한민국 대통령 후보라는 막중한 임무를 부여받았습니다. 더불어민주당과 국민들께서는 저 이재명에게, 압도적 정권탈환을 통해, 내란과 퇴행의 구시대를 청산하고, 국민주권과 희망의 새로운 시대를 열어가라고 명령하셨습니다. 모든 것들이 무너지는, 불안과 절망, 고통 속에서도 한 가닥 희망을 안고 89.77%라는 역사에 없는 압도적 지지로 저를 대통령 후보로 선출해 주신 것은 민주주의와 인권, 평화와 안전, 그리고 회복과 성장, 통합과 행복을 실현하라는 간절한 소망 아니겠습니까. 2004년 3월 28일 오후 5시 성남시청 앞 주민교회 지하 기도실에서 눈물을 흘리면서 결심했습니다. 성남시민들이 그토록 바랐지만, 부정한 기득권자들이 좌절시킨 시립 공공병원의 꿈을 성남시장이 되어서라도 반드시 이뤄보겠다고 시장출마를, 정치를 하기로 결심했습니다, 여러분. 주권자가 맡긴 권력으로 주권자의 의지를 꺾고, 국민의 혈세로 국민을 공격하는 반정치, 반민주주의를 내 손으로 극복하고 싶었습니다. 국민의 주권의지가 일상적으로 관철되는 정상적인 지방자치, 진정한 민주공화국을 꼭 만들고 싶었습니다. 시립병원 설립운동 10여 년이 지나서 마침내 제가 성남시장이 돼서 시립의료원을 제 손으로 설립했습니다. 시민들과 함께 시민이 주인인 성남, 시민이 행복한 성남시를 함께 만들어냈습니다, 여러분. 짧은 시간이었지만 경기도민의 부름을 받아 경기도를 바꾸어냈습니다. 민주당원 여러분들의 소망을 따라서 당원중심의 진짜 민주당, 유능하고 이기는 민주당을 만들지 않았습니까? 이제 국민과 당원 동지들께서 정권탈환을 통해, 새로운 나라, 진짜 대한민국을 만들 기회를 주셨습니다. 감사드립니다. 그 간절하고 엄중한 명령을 겸허하게 받들겠습니다. 반드시 승리하고 정권을 탈환하겠습니다. 완전히 새로운 나라, 희망과 열정 넘치는 진짜 대한민국을 만들어서 보답하겠습니다. 3년 전 어느 날, 이 나라의 운명이 걸린 건곤일척의 승부에서 우리는 졌습니다. 모두 저의 부족함 때문입니다. 미세한 차이로 승리했지만, 모든 것을 차지한 저들은 교만과 사욕으로 나라를 망치고, 우리 국민을 고통 속으로 몰아넣었습니다. 그들은 심지어 민주공화정을 부정하고, 군정을 통해 영구집권하겠다는 친위군사쿠데타까지 저질렀습니다. 애국가 가사처럼, 하느님이 보우하사 우리 국민의 저력으로 막아내고 있지만, 지금도 내란과 퇴행, 파괴 시도는 계속되고 있습니다. 패배 자체도 아팠지만, 패배 그 이후는 더 아팠습니다. 그 뼈아픈 패배의 책임자, 저 이재명을 여러분이 다시 일으켜 세워주셨습니다. 국민여러분, 당원동지여러분, 미안합니다. 죄송하고 또 죄송합니다. 얼마나 괴로우셨습니까. 그간 얼마나 간절하셨습니까. 당원과 지지자, 국민의 하나 된 마음 앞에 절박함을 넘어 비장함까지 느껴집니다. 가늠조차 어려운 무거운 책임감에 절로 고개가 숙여집니다. 패배를 딛고 반드시 승리하라! 내란을 극복하고 민주주의를 회복하라! 민생을 회복하고 경제를 살려내라! 국민을 통합하고 세계로 나아가라! 250만 당원 동지 여러분과 민주당을 지지하는 수천만 국민이 한 마음, 한 뜻으로 내린 지상명령. 맞습니까, 여러분? 이것이 여러분의 뜻이라면 한 번 함께 외쳐 보시겠습니까? 제가 말하면 함께해 주십시오. 내란을 극복하고 민주주의를 회복하자. 민생을 회복하고 경제를 살려내자. 국민을 통합하고 세계로 나아가자. 패배를 딛고 반드시 승리하자. 패배를 털고 반드시 승리하자! 감사합니다. 동지 여러분. 23년 전 오늘은, 노무현 대통령이 민주당 대선 후보로 선출된 날입니다. ‘새 시대의 맏형’이 되고자 했던 노무현 후보는 “불신과 분열의 시대를 끝내고 개혁의 시대, 통합의 시대로 가자” 당당히 선언했습니다. 2002년 4월 27일이 그랬던 것처럼, 2025년 4월 27일도 새로운 시대의 서막이 될 것입니다. 음침한 내란의 어둠을 걷어내고, 희망세상의 새벽이 열린 날로, 군림하는 지배자, 통치자의 시대를 끝내고 진정한 주권자의 나라, 진짜 대한민국이 시작된 날로 기록될 것입니다. 후손들은 오늘을 기억하며, 어떤 고난도 기회로 만들 수 있다는 용기, 내일은 오늘보다 더 낫다는 희망을 품게 될 것입니다. 그 위대한 새출발의 역사, 개벽 같은 변화의 주인공으로 함께 하시겠습니까? 국민이 이 나라의 주인임을, 행동으로 실천으로 증명해 주시겠습니까? 어려운 일이라는 것 잘 압니다. 그러나 반드시 해야 하고, 우리는 할 수 있습니다. 맨몸으로 총칼과 장갑차를 막아낸 위대한 국민들이 있기에! 꺼지지 않는 오색의 찬란한 빛으로, 세계 민주주의 역사에 획을 그은 우리 위대한 국민들이 있기 때문에 우리는 할 수 있습니다! 우리는 해낼 수 있습니다! 맞습니까? 바로 여기, 함께 하는 동지들이 있기 때문에, 지금의 역경을 극복하고 진짜 대한민국, 만들 수 있다. 맞습니까? 끝까지 아름다운 경쟁을 함께 펼쳐주신 김경수 후보님, 김동연 후보님, 고생 많으셨습니다. 박수 한 번 부탁드립니다. 모두 우리 당의 귀한 자산이자 든든한 동지들입니다. 우리 두 후보님께 뜨거운 격려의 박수를 부탁드립니다. 이제부터 김동연의 비전이 이재명의 비전입니다. 이제부터 김경수의 꿈이 이재명의 꿈입니다. 더욱 단단한 민주당이 되어 ‘원팀’으로 반드시 승리하겠다는 약속을 드립니다! 자랑스러운 우리 민주당원과 지지자들은 언제나 가장 현명하고 과감한 선택으로 대한민국의 미래를 제시해 왔습니다. IMF 위기 속 김대중 대통령을 선택해서 국난을 극복하고, IT 강국과 문화강국의 초석을 다졌습니다. 노무현 대통령을 선택해서 지역주의와 권위주의 타파의 새 길을 걸었습니다. 문재인 대통령을 선택해서 촛불혁명을 계승하고, 한반도 평화의 새 지평을 열었습니다. 늘 현명했던 그 선택의 한 축에 이재명 ‘네 번째 민주 정부’가 뚜렷이 새겨질 수 있도록 반드시 승리하겠습니다. 지금 이 순간부터, 이재명은 민주당의 후보이자 내란 종식과 위기극복, 통합과 국민행복을 갈망하는 모든 국민의 후보입니다. 더 낮은 자세로 정치의 사명이자 대통령의 제1 과제인 국민통합의 책임을 확실하게 완수하겠습니다. 현직 대통령의 어처구니없는 친위군사쿠데타는 대화와 타협을 배제하고, 상대를 말살하고, 군정으로 영구집권을 하겠다는 저열한 욕망에서 비롯됐습니다. 공존과 소통의 가치를 복원하고, 대화와 타협의 문화를 되살리는 것이 내란이 파괴한 민주주의를 복원하는 지름길이다, 이렇게 믿습니다. 새로운 성장동력을 만들어, 성장의 기회와 그 결과를 고루 나누는 것이 양극화를 완화하고 함께 잘 사는 세상으로 나아가는 원동력 아니겠습니까. 민주주의 복원이 바로 국민 통합의 길입니다. 성장 회복이 국민 통합의 길입니다. 격차 완화가 바로 국민 통합의 길입니다. 불평등과 절망, 갈등과 대결로 얼룩진 이 구시대의 문을 닫아버리고, 국민 대통합으로 희망과 사랑이 넘치는 국민행복 시대를 새롭게 활짝 열어젖히겠습니다. 새로운 세상을 위해 이재명 개인의 승리가 아니라 우리 국민 모두의 승리를 만들겠습니다. 동지 여러분, 이 새로운 희망의 길에 함께해 주시겠습니까? 존경하는 국민 여러분, 이번 대선은 대한민국이 국민통합을 통해 세계를 선도하는 나라로 우뚝 설 것인지, 파괴적인 역주행을 계속해서 세계의 변방으로 추락할지가 결정되는 역사적 분수령입니다. 민주당과 국민의힘의 대결이 아니라, 미래와 과거의 대결입니다. 도약과 퇴행의 대결입니다. 희망과 절망의 대결이자 통합과 분열의 대결입니다. 감당하기 어려운 복합 위기가 우리 앞에 몰아치고 있습니다. 지난 3년간 국민경제는 벼랑 끝으로 내몰렸습니다. 물가는 치솟고, 실업과 폐업이 늘었습니다. 소득은 줄고, 주가는 폭락했습니다. 전국 곳곳 어딜 가나 우리 국민들의 신음소리가 넘쳐납니다. 우리 사회를 지탱하던 민주주의, 우리 국민이 피땀으로 지켜낸 자유와 인권의 가치는 3년 만에 최악의 위기를 맞고 말았습니다. 평화와 안보마저 정쟁과 권력 유지 수단으로 전락했습니다. 그리고 그 피해는 오롯이 우리 국민들의 몫이 되고 말았습니다. 지친 국민의 삶을 구하고, 민주주의와 평화를 복원하는 일, 성장을 회복하고 무너진 국격을 바로 세우는 일에는 아마도 짐작조차 힘들 엄청난 땀과 눈물이 필요할 것입니다. 더이상 과거에 얽매여서, 이념과 사상, 진영에 얽매여서, 분열과 갈등을 반복할 시간이 없습니다. 더 큰 퇴행과 역주행으로 30년, 50년 후의 국가 미래를 망칠 그런 여유도 없습니다. 트럼프 2기가 불러올 약육강식의 무한대결 세계질서, AI 중심의 초 과학기술 신문명시대 앞에서 우리 안의 이념이나 감정 이런 것들은 정말 사소하고도 구차한 일 아닙니까? 어떤 사상과 이념도 시대의 변화를 막을 수는 없습니다. 어떤 사상과 이념도 우리 국민의 삶과 국가의 운명 앞에서는 무의미한 것입니다. 지금의 대한민국을 만든 ‘모방의 능력’을 넘어서서 이제는 주도하는 역량을 키워야 합니다. 한 걸음만 뒤처져도 추락 위험에 빠질 추격자 신세가 되지만, 우리가 반걸음만 앞서도 무한한 기회를 누리는 선도자가 되는 것입니다. 통찰력과 결단력, 실천력으로 우리 앞의 거대한 위기를 기회로 바꿔서 반걸음 앞서 진짜 대한민국을 만들 사람 누구입니까, 여러분? 그렇게 믿어주시니 감사드립니다. 지금의 이 혼란과 절망을 넘어 대한민국 재도약을 이뤄낼 사람, 지배자나 통치자가 아니라, 위대한 국민의 훌륭한 도구가 될, 일꾼이 될 준비된 대통령 후보라고 자부합니다. 더 나은 나라를 꿈꾸는 우리 국민들의 열망을 하나로 모아서 위기를 이겨내고 새로운 길로 나아갑시다. 먹사니즘의 물질적 토대 위에 잘사니즘으로 세계를 주도하는 ‘진짜 대한민국’으로 도약합시다. 국민 여러분, 우리는 깊은 절망만큼이나 새로운 희망을 간절하게 꿈꿉니다. 우리 국민은 어느 때보다 새로운 세상에 대한 강한 열정으로 단단하게 뭉쳐 있습니다. 지금의 이 국난을 극복하고 세계를 선도하는 나라를 만들면, 대한민국이 어떤 세상이 될지 한 번 상상해 보십시오. 전 세계의 AI 인재들이 일자리를 찾으러 몰려오는 첨단 산업 강국. 대한민국 방방곡곡이 골고루 발전하고 농촌, 산촌, 어촌으로 사람들이 되돌아오는 균형발전 국가. 최첨단 장비와 무기로 무장한 최고의 장병들이 자부심을 가지고 조국 수호에 전념하는 든든한 안보 강국. 세계인을 울고 웃기며 콘텐츠의 세계 표준을 다시 쓸 문화 강국. 충돌하는 이해와 감정 갈등을 합리적으로 조정하고, 더 나은 대안을 만들어가는 세계적인 모범적 민주국가. 아이들의 웃음, 청년의 푸름, 장년의 책임, 노년의 경험과 지혜가 어우러진 통합과 조화의 ‘잘사니즘’ 행복국가. 집에서, 일터에서, 학교에서, 거리에서, 해지는 석양빛의 퇴근길 골목에서도 보람의 미소가 퍼지는 품격 있는 나라. 이런 나라, 이런 나라 만들고 이런 나라에서 살고 싶지 않으십니까? 신문명 시대에 세계의 표준으로 거듭날 나라, 평범한 국민들이 주인으로 살아가는, 작지만 큰 대한의 민국. 함께 만들어 보지 않으시겠습니까? 존경하는 국민 여러분, “위기는 기회다” 늘 말씀드렸지만 제 삶을 돌이켜보면 언제나 기회보다 위기가 많았던 삶이었습니다. 단 한 번의 순탄한 과정도, 단 한 번의 쉬운 싸움도 없었습니다. 그러나 어려울 때마다 우리 당원동지들께서, 국민들께서 상처투성이로 쓰러지던 저 이재명을 일으켜 주셨습니다. 감사합니다. 오뚝이 같은 이 땅의 반만년 역사도 마찬가지입니다. 무능하고 부패한 기득권이 무너뜨리면 평범한 민초들이 다시 일으켜 세우지 않았습니까. 다가오는 6월 3일에 우리 국민들은 그 위대한 대서사시의 새 장을 써내려 가게 될 것이다. 맞습니까, 여러분? 우리가 함께하면, 무질서와 분노, 상처와 절망은 사라지고 새로운 희망이 피어날 것입니다. 우리가 함께 손잡으면, 불의와 거짓, 분열은 멈추고 정의와 통합의 강물이 흘러넘칠 것입니다. 온 국민이 힘을 모아 함께 나아가면, 추락하던 이 나라는 광대한 세계로 날개 치며 솟구쳐 오를 것입니다, 여러분. 산이 높으면 계곡이 깊고 음지마다 양지가 있는 것처럼, 하나의 문이 닫히면 또 다른 문이 열리는 법입니다. 위기의 어딘가에는 기회의 문이 숨겨져 있습니다. 내란의 아픔을 이겨내고, 다시 꿈과 희망이 넘치는 진짜 대한민국으로 나아 갈 준비, 여러분은 되셨습니까? 연대와 상생, 배려로 국민의 에너지를 모두 모아서 새로운 민주공화국을 열어젖힐 준비도 되셨습니까? 극한의 절망과 환란 속에서조차 빛을 찾아 희망을 만들어온 위대한 우리 국민을 저는 믿습니다. 함께 손잡고 빛의 혁명을 반드시 완수합시다, 여러분! ‘대한민국’이라는 국호 그대로 이 땅 위 모든 사람이 주인으로 공평하게 살아가는 ‘진짜 대한민국’으로 나아갑시다. 저 이재명은 지금부터 여러분이 지어주신 희망의 새 이름입니다. 여러분이 다시 살려주신 기회의 새 이름입니다. 세계를 선도하는 ‘진짜 대한민국’을 만들, 국민의 유용한 도구이자 충직한 대표 일꾼의 이름입니다, 여러분! 진짜 대한민국, 오늘부터 그 역사적인 발걸음을 함께 시작합시다. 그 위대한 항로의 중심에 저 이재명이 함께 서있겠습니다. 그래서, 그렇기 때문에 지금은 이재명입니다! 위대한 국민과 함께여서, 역사의 순간을 여러분과 함께 해서 자랑스럽습니다. 민주당의 명령, 국민의 명령을 받아 반드시 승리하겠습니다. 국민의 염원, 당원의 소망을 따라 새로운 대한민국 꼭 만들겠습니다. 국민 여러분, 고맙습니다! ​당원 동지 여러분, 여러분을 믿습니다!​ - MBC뉴스 ""압승 배경"" ""수락 연설 방점"" (네꼭지)출처:MBC 뉴스데스크출처: 중도보수 갤러리 [원본 보기]",[]
326014,보험도 '해킹' 뚫렸다…개인정보 유출 '비상',https://gall.dcinside.com/board/view/?id=dcbest&no=326014&_dcbest=1&page=1,https://n.news.naver.com/article/008/0005186545?cds=news_edit  [단독]보험도 '해킹' 뚫렸다…개인정보 유출 '비상'여러 보험사 상품을 판매하는 GA(보험대리점) 2곳에서 전산해킹 사고가 발생해 금융당국과 금융보안원이 현황파악에 착수했다. 이들 회사에 통합플랫폼을 제공하는 A사(IT회사)의 프로그램이 악성코드에 감염된 것이 해킹의n.news.naver.com자칭 IT 강국 수준 ㅋㅋㅋㅋ  - dc official App출처: 무출산 갤러리 [원본 보기],[]
326012,싱글벙글 마리텔 열파참 성우 서유리 실시간 근황.jpg,https://gall.dcinside.com/board/view/?id=dcbest&no=326012&_dcbest=1&page=1,아프리카티비에서 액셀방송중임참고로 그 마리텔하던 서유리 맞음- 서유리 근황..gif- 서유리뭔가했더니엑셀뛰러갔구나갔노- 속보) 서유리 인스타 근황.jpg출처: 싱글벙글 지구촌 갤러리 [원본 보기],[]
326009,"검찰, 홈플러스·MBK파트너스 압수수색",https://gall.dcinside.com/board/view/?id=dcbest&no=326009&_dcbest=1&page=1,"- 관련게시물 : MBK·홈플러스, 오래전부터 회생신청 계획https://n.news.naver.com/article/015/0005124716?sid=102 [속보] 검찰, 홈플러스·MBK파트너스 압수수색'홈플러스 사태'를 수사하는 검찰이 28일 서울 강서구 홈플러스 본사와 홈플러스 대주주인 MBK파트너스의 종로구 본사를 압수 수색하고 홈플러스의 기업 회생 신청 및 채권 발행 관련 자료를 확보하고 있다. 서울중앙지검n.news.naver.com- [단독] 檢, 홈플러스 본사 압수수색…MBK 강제수사 착수출처: 스카이 갤러리 [원본 보기]",[]
326008,싱글벙글 진격거를 본 어머니 반응.JPG,https://gall.dcinside.com/board/view/?id=dcbest&no=326008&_dcbest=1&page=1,1기만 봤다고 함ㅋㅋ 출처: 싱글벙글 지구촌 갤러리 [원본 보기],[]
326006,아내가 불륜인 거 알면서도 흐린눈 하고 넘어가겠다는 퐁퐁이형 ㄷㄷ,https://gall.dcinside.com/board/view/?id=dcbest&no=326006&_dcbest=1&page=1,출처: 주식 갤러리 [원본 보기],[]
326005,싱글벙글 일일 서프라이즈!..manhwa,https://gall.dcinside.com/board/view/?id=dcbest&no=326005&_dcbest=1&page=1,출처: 싱글벙글 지구촌 갤러리 [원본 보기],[]
326003,청주 카페 사진 찍어왔어 보구가,https://gall.dcinside.com/board/view/?id=dcbest&no=326003&_dcbest=1&page=1,함평을 가려고 했지만너무 멀어서 가지 못했다다른 디붕이들이 가지 않았을까....청주 남이면에 있는 카페 사진 가져왔어 보구가네이버 검색했는데 가장 위에 있길래 즉흥으로 갔다왔다돼지같이 먹으려고 샀는데 반은 남겨서 포장해왔다분위기도 좋고 디저트도 괜찮으니까청주 근방에 사는 디붕이들한테 나쁘지 않을 듯아래는 집에 와서 집 앞 공원에서 찍었어날아가기 전의 민들레거미와 꽃민들레 아래에 붙은 벚꽃접시꿀 먹는 나비불 난 곳은 없는데 일하고 있는 산림청 선생님들항상 고생하십니다카리스마 대빵 큰 오리토요일도 이제 얼마 안남았는데다들 저녁 맛있게 먹어라!출처: 디지털 사진 갤러리 [원본 보기],[]
326002,싱글벙글 어제자 일본에서 알바테러 논란,https://gall.dcinside.com/board/view/?id=dcbest&no=326002&_dcbest=1&page=1,"고깃집 주방에서 알바생이 케이크 먹고 버리는 영상이 폭로돼 염상중@torochan0919폐기라면 문제없지 않을까?동영상 찍고 그걸 인터넷에 올리는 것은 게시자가 멍청한 짓이지만@E2tC2vCt4a30097폐기일 텐데 이런 걸 영상으로 남기는 건 정말 멍청한 짓@SanSanYou_way폐기라면 문제 없지 않나?@ufoufoparadaisu동영상 찍고 올리는 것이 위험하다는 것을 알아주었으면 좋겠다@SanSanYou_way눈치 챘어.지적해줘서 고마워@near0221보통 영업이 끝나면 나오는 폐기물이잖아@H3nRzh폐기하는 걸 뒤에서 어떻게 하든 상관없지만, 이 불쾌한 영상이 세상에 공개되는 게 문제인 거지...@gasyadokuro_e버릴 거면 차라리 먹는 게 낫다고 생각함@shinya800220폐기처분이라서...라는 의견도 있지만, 그 이전에 SNS에 올린 것이 규약 위반일 가능성이 높습니다예전 같으면 가게 측이 피해자였을지도 모르지만, 요즘은 규칙에 SNS 사용법 정도는 나와 있잖아요알바생 수준에서는 읽은 적도 없을 가능성도 있지만, 점장급은 알고 있을 것이다. 그렇다면 가게의 교육 부족도 크다폐기물인데 뭐가 문제냐?vs폐기하든 말든 알빠노인데 이걸 찍고 올리는게 문제지의견 대립중출처: 싱글벙글 지구촌 갤러리 [원본 보기]",[]
326001,"조국, 옥중 편지 공개....jpg",https://gall.dcinside.com/board/view/?id=dcbest&no=326001&_dcbest=1&page=1,"슬기로운 감빵생활을 즐기고 계시는 조국 전 대표님.. ​그리고, 옥중 편지 공개.... ​아..........​ 그저.. ​찌질하다​ ​^소국^ - 조국혁신당, 이재명 공식 지지 “극우 파시스트 세력 몰아낼 것”https://n.news.naver.com/article/021/0002705879?sid=100 조국혁신당, 이재명 공식 지지 “극우 파시스트 세력 몰아낼 것”더불어민주당 대선 후보로 선출된 이재명 후보가 27일 경기 고양시 킨텍스에서 열린 ‘제21대 대통령선거 후보자 선출을 위한 수도권·강원·제주 경선 및 최종 후보자 선출 대회’에서 수락 연설을 하고 있다. 연합뉴스 조n.news.naver.com출처: 국내야구 갤러리 [원본 보기]",[]
325999,[금주의 신상] 4월 4주차 신제품 먹거리 모음.jpg,https://gall.dcinside.com/board/view/?id=dcbest&no=325999&_dcbest=1&page=2,"출처: 과자, 빵 갤러리 [원본 보기]",[]
